<?xml version="1.0" encoding="UTF-8" standalone="yes"?>
<addon id="plugin.video.tugaio" name="Tuga.io" provider-name="xsteal" version="0.0.1">
 <requires>
  <import addon="xbmc.python" version="2.14.0"/>
  <import addon="script.module.beautifulsoup4" version="4.3.1"/> 
  </requires>
 <extension library="addon.py" point="xbmc.python.pluginsource">
  <provides>video</provides>
 </extension>
 <extension point="xbmc.addon.metadata">
    <summary lang="en">Tuga.io</summary>
    <description lang="en">Addon site tuga.io</description>
    <disclaimer lang="en"></disclaimer>
    <language></language>
    <platform>all</platform>
    <license></license>
    <forum></forum>
    <website></website>
    <email></email>
    <source></source>
 </extension>
</addon>
